978-604-69-1644-4,math for child,kim dong,2001,TRUE
145-545-78-4561-8,basic physic,canh dieu,2010,TRUE
789-231-45-7892-1,funny chemistry,chan troi,2005,TRUE
135-789-13-7863-5,method education,kim dong,1990,TRUE
978-604-69-1644-5,morning exercise,canh dieu,1987,TRUE
145-545-78-4561-9,animal world,chan troi,2015,TRUE
789-231-45-7892-2,sea fish,kim dong 2,2014,TRUE
135-789-13-7863-6,carrer selection,canh dieu,2003,TRUE
978-604-69-1644-6,travel VietNam tips,chan troi,1991,TRUE
145-545-78-4561-1,how to learn english,kim dong 2,2000,TRUE
789-231-45-7892-3,something about earth,canh dieu,2000,TRUE
135-789-13-7863-7,ielt exercise,chan troi,1999,TRUE
978-604-69-1644-7,higher math,tuoi tre,2002,TRUE
145-545-78-4561-2,practice electronic,canh dieu,2003,TRUE
789-231-45-7892-4,knowledge about universal,chan troi,2006,TRUE
135-789-13-7863-8,japanese grammar,kim dong,1995,TRUE
978-604-69-1644-8,advanced physic,chan troi,1993,TRUE
145-545-78-4561-4,learn how to drive car,chan troi,1995,TRUE
789-231-45-7892-5,master chemistry,tuoi tre,2009,TRUE
135-789-13-7863-9,vocabulary Korea,canh dieu,2007,TRUE
